Name,Website,Public line
Collectibles & More LaFollette,,(423) 201-9809
Matthew Chambers - Farm Bureau,https://www.fbitn.com/tn/campbell-county/jellico/campbell-jellico-agency/matthew-chambers,(423) 784-1772
Pizza Spot,https://www.facebook.com/pizza.spot.jellico,(423) 784-2007
Restoration Shoreline Norris Lake Rip Rap,https://restorationshorelinellc.com/,(423) 397-2550
Ryne Cummins,,(423) 784-5820
Indian Mountain Hospital for Animals,,(423) 784-7475
Solid Grounds,,(423) 372-2072
McCloud Mountain,https://www.mtcloud.com/,(423) 562-3282
Fields Real Estate,,(423) 562-9633
