Date,Event,Category,Location,Time
2026-09-29,Senior Night — Volleyball,School / Volleyball,Jellico High School,
2026-10-02,Football at North Greene,Sports / Football,North Greene,7:00 PM
2026-10-02,Jellico's Old Fashioned Fall Festival,Community,Veterans Park,10:00 AM
2026-10-02,Quilt Show,Community,Jellico Public Library,2:00 PM
2026-10-03,Jellico's Old Fashioned Fall Festival,Community,Veterans Park,10:00 AM
2026-10-09,Football vs. Unaka,Sports / Football,Jellico High School,7:00 PM
2026-10-10,Mission of Hope Food Outreach,Community,Jellico High School,10:00 AM
2026-10-23,Football vs. Hancock Co.,Sports / Football,Jellico High School,7:00 PM
2026-10-29,Football at Cosby,Sports / Football,Cosby High School,7:00 PM
2026-10-31,Trunk or Treat,Community,Veterans Park,4:00–6:00 PM
